center,bu,team,employee_count,p1_ratio,p2_ratio,p3_ratio,p4_ratio,p5_ratio,location_fixity,office_ratio,cafeteria_ratio,movement_complexity,data_density,external_activity,primary_plant,cluster,reliability_score,correction_factor,correction_type
CDO개발센터,-,ADC개발팀,24,4.289704708699122,7.741420590582601,1.656025538707103,5.317238627294493,0.0,13.397845171588187,27.673583399840386,0.0,9.375,20.883333333333333,13.228252194732642,P2,1,0.37234138068635275,0.8944682761372706,extended
CDO개발센터,-,CDO개발센터,3,22.146892655367232,27.231638418079097,5.084745762711865,12.54237288135593,0.0,45.98870056497175,2.3728813559322033,0.0,31.666666666666668,14.75,10.734463276836157,P2,1,0.478954802259887,0.9157909604519774,extended
CDO개발센터,-,CDO지원그룹,10,17.11745090774361,22.341608002964062,9.077436087439793,11.004075583549461,0.0,42.460170433493886,2.037791774731382,0.0,13.6,13.495,14.63505001852538,P2,1,0.4397406817339755,0.9079481363467952,extended
CDO개발센터,-,CMC Support팀,61,19.2228805834093,25.250683682771196,4.802871467639015,11.309252506836827,0.0,38.99840474020055,2.6207839562443027,0.0,4.245901639344262,14.386885245901638,13.690747493163173,P2,1,0.6163542746985071,0.92,standard
CDO개발센터,-,항체배양PD팀,40,13.463209733487833,18.757242178447278,4.598783314020857,11.087775202780996,0.0,33.63991888760139,1.5570683661645424,0.0,6.1,17.259999999999998,14.65816917728853,P2,1,0.5515596755504055,0.92,standard
CDO개발센터,-,항체정제PD팀,40,14.26354056041173,21.02769381586472,3.896740462380525,10.971325872069276,0.0,32.587206927538595,0.841434523323258,0.0,5.175,15.30125,13.356751899354627,P2,1,0.5750988277101544,0.92,standard
EPCV센터,-,EPCV센터,3,4.466019417475728,33.398058252427184,7.864077669902912,70.0,1.4563106796116505,90.19417475728156,4.271844660194175,0.0,36.666666666666664,17.166666666666664,33.88349514563107,P4,5,0.6607766990291262,0.9221553398058253,minimal
EPCV센터,-,EPM팀,60,2.8449831151408613,18.670490817412222,6.656797890549104,55.20192441134293,27.561641300828054,91.7842438821298,13.47087940047185,0.0,9.116666666666667,18.014166666666668,18.305037701808764,P4,6,0.6936369755285192,0.9287273951057039,minimal
EPCV센터,-,안전환경팀,63,7.503706650273026,34.99077857736954,8.400535204136983,39.1132969298087,19.07207174628431,90.39163924348172,4.621560047734423,0.0072324883376125556,16.444444444444443,21.946825396825396,18.797237189455032,P4,6,0.6615665569739269,0.9223133113947855,minimal
EPCV센터,E&F담당,Corporate Engineering팀,37,2.6909413854351687,30.888099467140318,4.431616341030195,75.8259325044405,1.4653641207815276,85.02664298401422,2.5133214920071048,0.0,6.675675675675675,15.216216216216216,36.44760213143872,P4,5,0.7398363016657865,0.9379672603331574,minimal
EPCV센터,E&F담당,E&F담당,3,0.7042253521126761,44.248826291079816,5.985915492957746,84.27230046948357,0.0,97.88732394366197,1.7605633802816902,0.0,30.0,14.2,19.014084507042252,P4,5,0.6755492957746478,0.9251098591549296,minimal
EPCV센터,E&F담당,Facility Operation팀,211,5.527350732928137,17.096889524490525,35.80622095101894,30.94476224526278,16.933321415802645,90.08848766535574,8.939041830532714,0.002681444404719342,5.966824644549763,26.51184834123223,19.259921344297464,P3,6,0.7813492113249301,0.946269842264986,minimal
EPCV센터,E&F담당,Facility Technology팀,101,5.459073052401091,27.005559968228752,9.093446106948887,53.97677264238027,11.648026103943499,88.60313848399632,5.158534229225254,0.0,7.663366336633663,23.06089108910891,25.906446557757125,P4,6,0.7245115638369753,0.9349023127673951,minimal
People센터,-,HR Strategy그룹,5,6.178073894609327,71.59297395517868,6.238643246517262,6.480920654149,0.12113870381586916,81.9503331314355,1.029678982434888,0.0,19.6,16.509999999999998,22.04724409448819,P2,2,0.6278013325257421,0.92,standard
People센터,-,Learning·Development팀,12,12.062109448967998,81.2346146563151,5.28309032380231,16.455216814997158,0.0,92.70971406930506,4.923309979170612,0.0,16.0,22.004166666666666,9.600454459382693,P2,2,0.6708388562772203,0.9241677712554441,minimal
People센터,-,People센터,5,46.86064318529862,84.37978560490046,1.2251148545176112,58.601327207759056,3.3180193976518635,94.94640122511485,0.1531393568147014,0.0,21.0,19.59,7.3506891271056665,P2,2,0.6797856049004594,0.9259571209800919,minimal
People센터,-,Talent Acquisition팀,16,7.713222667429879,77.50429307384087,10.117344018317114,8.028048082427018,0.0,90.2261018889525,0.658271322266743,0.0,12.9375,21.8375,14.453348597595877,P2,2,0.66090440755581,0.9221808815111621,minimal
People센터,-,정보보호팀,8,12.181069958847738,64.44444444444444,12.386831275720164,14.320987654320987,9.753086419753085,91.440329218107,3.45679012345679,0.0,42.625,15.1875,12.222222222222221,P2,3,0.665761316872428,0.9231522633744856,minimal
People센터,인사지원담당,People Experience팀,13,5.845771144278607,78.1370923161968,8.070757324488667,9.342177998894417,3.0265339966832503,94.5411829740188,0.5666113875069099,0.0,19.615384615384617,27.83076923076923,10.544499723604202,P2,2,0.6781647318960753,0.9256329463792151,minimal
People센터,인사지원담당,Talent Management팀,19,9.63182117028271,75.39447731755425,14.414858645627875,4.3228139381985535,0.0,92.1104536489152,0.3780407626561473,0.0,8.263157894736842,16.010526315789473,14.809335963182116,P2,2,0.7205470777535555,0.9341094155507111,minimal
People센터,인사지원담당,인사지원담당,1,6.557377049180328,95.40983606557377,2.2950819672131146,5.573770491803279,0.6557377049180327,99.34426229508196,0.32786885245901637,0.0,52.0,15.25,1.639344262295082,P2,3,0.697377049180328,0.9294754098360656,minimal
People센터,인사지원담당,인프라복지팀,18,3.0667124384941067,66.76965327840713,22.95457146126559,14.658427737727427,1.5676850898272112,93.61483007209063,0.8696647213640005,0.011442956860052637,12.722222222222221,24.275,8.685204256779953,P2,2,0.6744593202883625,0.9248918640576725,minimal
경영지원센터,-,IR팀,6,11.772853185595569,72.09141274238226,14.750692520775624,3.1163434903047094,0.0,87.3961218836565,27.562326869806093,0.0,14.333333333333334,12.033333333333333,19.321329639889196,P2,2,0.5902511542012927,0.92,standard
경영지원센터,-,경영지원센터,1,0.25773195876288657,100.0,0.0,0.25773195876288657,0.0,100.0,37.628865979381445,0.0,17.0,19.4,0.0,P2,2,0.7,0.93,minimal
경영지원센터,-,사업전략팀,34,14.167364795680909,68.84482919110118,9.503862980545472,8.591641068602812,0.0,82.79810108908127,32.97030624592758,0.0,5.882352941176471,15.798529411764708,13.850879642557945,P2,2,0.754721816121031,0.9409443632242063,minimal
경영지원센터,-,재경팀,46,14.333976833976832,75.57915057915058,11.210700496414782,6.170711527854385,0.05515719801434087,90.1130722559294,35.36265857694429,0.0,4.304347826086956,15.765217391304347,15.43712079426365,P2,2,0.8313218542411089,0.9743965562723327,very_minimal
경영지원센터,-,준법경영팀,16,18.206614387998638,79.90112512785544,9.751108080463688,11.575178997613365,0.0,94.74940334128878,35.08353221957041,0.0,11.6875,18.33125,10.808046368905558,P2,2,0.6789976133651552,0.9257995226730311,minimal
경영지원센터,-,지속가능경영팀,18,17.020586804992703,70.59491003404116,13.454368617279949,7.651159020911007,0.0,91.16550494407521,33.94391311395688,0.0,8.944444444444445,17.136111111111113,14.832225644350785,P2,2,0.6963286864429675,0.9292657372885935,minimal
경영지원센터,Operational Excellence담당,CSV그룹,10,37.0125786163522,77.0754716981132,9.371069182389936,19.49685534591195,0.0,95.44025157232704,28.80503144654088,0.0,12.9,15.9,9.339622641509433,P2,2,0.6817610062893082,0.9263522012578617,minimal
경영지원센터,Operational Excellence담당,IT팀,50,37.69884309472162,68.79519161243674,17.565979754157627,14.849963846710052,0.09490238611713665,94.78488792480115,25.858640636297903,0.0,5.32,22.128,14.212762111352134,P2,2,0.8195395516992047,0.9708618655097614,very_minimal
경영지원센터,Operational Excellence담당,MES팀,91,17.147515613773283,45.30481401647046,11.487868236334494,44.59735809429061,5.104183938539767,93.68816669430167,24.49289780578124,0.0,5.989010989010989,19.88241758241758,12.029514176753441,P2,2,0.795082337106877,0.9490164674213755,minimal
경영지원센터,Operational Excellence담당,OES혁신그룹,11,36.30201028517999,74.73118279569893,8.20476858345021,21.458625525946704,0.0,95.30154277699859,26.60121552127162,0.0,14.454545454545455,19.445454545454545,10.238429172510518,P2,2,0.6812061711079944,0.9262412342215989,minimal
경영지원센터,Operational Excellence담당,Operational Excellence담당,1,37.745098039215684,96.07843137254902,0.0,9.803921568627452,1.4705882352941175,99.75490196078431,38.23529411764706,0.0,50.0,20.4,0.49019607843137253,P2,3,0.6990196078431372,0.9298039215686275,minimal
경영진단팀,-,경영진단팀,15,75.28879959819186,13.962832747363136,11.719403984597355,6.7302862882973375,0.0,92.73396952954964,63.90423572744015,0.0,10.6,19.91,12.991796417210782,P1,1,0.6709358781181987,0.9241871756236397,minimal
대표이사,-,대표이사,1,18.548387096774192,83.87096774193549,0.8064516129032258,34.67741935483871,1.6129032258064515,100.0,8.064516129032258,0.0,48.0,6.2,5.64516129032258,P2,3,0.524,0.92,standard
바이오연구소,-,AI Lab,9,61.085594989561585,60.96033402922756,12.69311064718163,15.281837160751566,0.0,93.15240083507307,1.544885177453027,0.0,15.777777777777779,13.305555555555554,10.020876826722338,P1,1,0.6387207144514033,0.92,standard
바이오연구소,-,Bio R&D지원그룹,6,45.44184421935033,40.13272790778903,5.798113866573525,14.250785888927698,0.0,71.46349982535801,20.118756549074398,0.0,27.5,23.858333333333334,10.129235068110374,P1,1,0.585853999301432,0.92,standard
바이오연구소,-,GT기술Lab,11,60.691823899371066,44.22731356693621,4.088050314465408,15.071877807726864,0.0,82.81671159029649,11.769991015274034,0.0,12.636363636363637,20.236363636363638,6.918238993710692,P1,1,0.6312668463611859,0.92,standard
바이오연구소,-,Open Innovation그룹,7,55.519480519480524,41.35551948051948,4.788961038961039,17.775974025974026,0.0,80.43831168831169,15.584415584415584,0.0,15.714285714285714,17.6,4.301948051948052,P1,1,0.6217532467532467,0.92,standard
바이오연구소,-,바이오연구소,1,0.0,32.432432432432435,67.56756756756756,32.432432432432435,0.0,100.0,0.0,0.0,12.0,1.85,32.432432432432435,P3,4,0.437,0.9074,extended
바이오연구소,-,선행공정개발Lab,27,18.491694875226326,26.56852711957805,32.20499094702039,20.735259387546247,0.03148862473431473,73.95890734472171,19.082106588994726,0.0,8.962962962962964,23.524074074074072,10.973785719908683,P3,2,0.626946740489998,0.92,standard
바이오연구소,-,펩타이드 T/F,3,52.834008097166,43.62348178137652,12.044534412955466,4.149797570850203,0.0,71.15384615384616,15.384615384615385,0.0,21.666666666666668,16.466666666666665,19.230769230769234,P1,1,0.5846153846153846,0.92,standard
바이오연구소,-,항체기술Lab,49,57.18389381407558,36.61532365905602,5.09137734634243,14.897726709920262,0.0,79.48590956366698,14.912584815016592,0.0,5.040816326530612,20.603061224489796,7.359714724382151,P1,1,0.7667191484587496,0.9433438296917499,minimal
상생협력센터,-,구매팀,240,9.540223390028443,21.981126744645984,20.20116403910267,43.41319621028046,13.229172552786725,87.94993501723457,16.57719764178486,0.0,2.995833333333333,22.12125,10.74758433632819,P4,6,0.8619247400689384,0.9835774220206815,very_minimal
상생협력센터,-,대외협력팀,4,2.952755905511811,31.758530183727036,12.401574803149607,77.55905511811024,0.0,97.3753280839895,9.973753280839896,0.0,29.0,19.05,11.089238845144358,P4,5,0.689501312335958,0.9279002624671916,minimal
상생협력센터,-,상생협력센터,1,14.000000000000002,56.49999999999999,8.5,68.5,0.0,96.5,6.5,0.0,52.0,10.0,2.0,P4,3,0.586,0.92,standard
상생협력센터,-,커뮤니케이션팀,12,3.51000351000351,38.71533871533872,10.249210249210249,76.06177606177607,0.666900666900667,92.69919269919271,2.106002106002106,0.0,12.666666666666666,11.870833333333334,18.708318708318707,P4,5,0.6082134374634376,0.92,standard
영업센터,-,영업센터,2,5.466666666666667,82.66666666666667,8.0,8.133333333333333,0.0,92.13333333333334,34.66666666666667,0.0,35.5,18.75,11.866666666666667,P2,3,0.6685333333333334,0.9237066666666667,minimal
영업센터,NJ Sales Office,CDO Sales팀,1,0.0,21.53846153846154,6.153846153846154,0.0,0.0,27.692307692307693,76.92307692307693,0.0,20.0,3.25,3.076923076923077,P2,0,0.1757692307692308,0.88,very_extended
영업센터,NJ Sales Office,CMO Sales팀,1,0.0,0.0,0.0,0.0,0.0,0.0,100.0,0.0,3.0,3.9,0.0,P1,0,0.288,0.88,very_extended
영업센터,NJ Sales Office,SBA Support그룹,1,0.0,0.0,0.0,0.0,0.0,0.0,100.0,0.0,4.0,5.5,0.0,P1,0,0.29,0.88,very_extended
영업센터,Sales&Operation담당,CDO SE팀,11,9.730221279175508,69.99090633525311,15.671415580478934,13.06456501970294,0.0,93.66474689299787,25.94725674446802,0.0,15.090909090909092,14.995454545454546,14.216429220976053,P2,2,0.6745680784810824,0.9249136156962166,minimal
영업센터,Sales&Operation담당,CMO SE팀,16,8.221608832807572,76.36041009463722,11.25788643533123,8.103312302839116,0.11829652996845426,90.22082018927445,29.041798107255524,0.0,10.4375,15.85,15.161671924290221,P2,2,0.6608832807570979,0.9221766561514196,minimal
영업센터,Sales&Operation담당,Market Intelligence팀,10,10.367892976588628,73.63433667781494,13.517279821627648,7.94314381270903,0.0,89.40914158305463,28.400222965440356,0.0,12.5,17.94,17.112597547380158,P2,2,0.6576365663322186,0.9215273132664438,minimal
영업센터,Sales&Operation담당,Sales&Operation담당,1,6.451612903225806,86.02150537634408,0.0,8.60215053763441,0.0,86.02150537634408,40.86021505376344,0.0,29.0,4.65,0.0,P2,3,0.43708602150537634,0.9074172043010753,extended
영업센터,Sales&Operation담당,Sales&Operation팀,18,10.785798418307252,78.73128049806495,9.254585226316674,10.768971899713948,0.0,92.8655561164395,31.583375399629816,0.0,8.944444444444445,16.508333333333333,12.939592798250041,P2,2,0.7031288911324246,0.930625778226485,minimal
영업센터,영업지원담당,Global PA팀,3,6.155778894472362,71.98492462311557,11.809045226130653,9.547738693467336,0.0,93.46733668341709,27.889447236180903,0.0,27.0,13.266666666666666,19.22110552763819,P2,2,0.6392026800670016,0.92,standard
영업센터,영업지원담당,PM팀,68,9.867391104153237,75.22792153973661,10.189704392669675,11.032323418362648,0.11971636430610554,91.77180219173037,29.54231513030666,0.0,3.6176470588235294,15.969117647058823,13.988396721613409,P2,2,0.8585577970022156,0.9825673391006647,very_minimal
영업센터,영업지원담당,마케팅팀,24,14.823401063684713,77.32169644074732,12.16418928133097,7.186690304104731,0.0,92.24055638892676,30.587753988817674,0.0,7.125,15.277083333333334,13.636983499249967,P2,2,0.755212225555707,0.9410424451111414,minimal
영업센터,영업지원담당,영업지원담당,1,0.7042253521126761,92.95774647887323,0.0,7.746478873239436,0.0,100.0,44.36619718309859,0.0,19.0,7.1,5.633802816901409,P2,3,0.542,0.92,standard
오퍼레이션센터,-,Validation팀,45,3.2775232980571793,21.015637340072658,7.850260622334544,56.44447954509556,29.110725003948822,95.1982309271837,20.83399147054178,0.0,6.266666666666667,14.068888888888889,15.179276575580477,P4,6,0.7741707014865126,0.9448341402973025,minimal
오퍼레이션센터,-,오퍼레이션센터,4,11.003627569528417,40.145102781136636,16.68681983071342,63.96614268440145,0.0,96.2515114873035,9.189842805320435,0.0,30.0,10.3375,23.09552599758162,P4,5,0.591756045949214,0.92,standard
오퍼레이션센터,DP담당,DP Compliance팀,26,41.115908336100965,40.54024133731872,6.3323369866046715,11.624045167718366,0.0,66.19063434075058,25.949297022030333,0.0,6.961538461538462,17.371153846153845,11.247647514668438,P1,1,0.6559163835168484,0.9211832767033697,minimal
오퍼레이션센터,DP담당,DP담당,1,49.310344827586206,38.62068965517241,2.7586206896551726,15.517241379310345,0.0,69.3103448275862,32.758620689655174,0.0,46.0,14.5,7.931034482758621,P1,1,0.5672413793103448,0.92,standard
오퍼레이션센터,DP담당,무균충전팀,165,39.7669559160693,33.3981484168674,2.7744725309806424,6.867980381344864,0.0,64.9577734567722,21.85767768523087,0.0,2.1333333333333333,20.883030303030303,34.59093943175552,P1,1,0.7958310938270888,0.9491662187654178,minimal
오퍼레이션센터,DP담당,이물검사·패키징팀,166,49.639485473668024,32.421311696052605,5.847064931069623,6.879578534484416,0.0,67.82864504220424,13.591878328750791,0.0,1.6987951807228916,15.665361445783134,21.590493952969677,P1,1,0.8203507247471302,0.9711052174241391,very_minimal
오퍼레이션센터,DS담당,ADC/mRNA운영팀,16,5.208046293744833,17.511711215210802,53.18269495728851,24.014880132267844,0.0,78.89225682006062,35.06475613116561,0.0,12.9375,22.68125,14.962799669330392,P3,4,0.6155690272802425,0.92,standard
오퍼레이션센터,DS담당,DS Compliance그룹,29,5.147282113574248,32.87276040085029,13.331308836926814,78.19617370179168,0.09110233829334953,93.50136653507441,12.465836623139994,0.0,6.413793103448276,11.355172413793102,23.70179167931977,P4,5,0.7086951213127114,0.9317390242625423,minimal
오퍼레이션센터,DS담당,DS System Readiness그룹,23,8.663967611336032,35.62753036437247,15.530364372469634,69.78137651821862,0.38866396761133604,93.4412955465587,14.315789473684209,0.0,11.0,13.42391304347826,19.59514170040486,P4,5,0.6422434430558002,0.92,standard
오퍼레이션센터,DS담당,DS담당,1,6.2015503875969,22.868217054263564,4.651162790697675,74.03100775193798,3.488372093023256,100.0,23.643410852713178,0.0,45.0,12.9,28.68217054263566,P4,5,0.658,0.9216000000000001,minimal
오퍼레이션센터,DS담당,Plant 1팀,177,50.50623553612754,27.773849318590898,1.8690537413216766,5.751799948572898,0.009642581640524558,58.27172795062998,29.046670095140136,0.0,1.5932203389830508,17.577401129943503,13.615325276420673,P1,1,0.7852903016330284,0.9470580603266057,minimal
오퍼레이션센터,DS담당,Plant 2팀,400,10.471659432481726,78.93084873248597,7.453802542097302,5.227700094727764,0.03958772215074439,89.50783978283306,12.860354310113248,0.0,1.145,17.68225,13.739060357137808,P2,2,0.9236813591313322,1.0,very_minimal
오퍼레이션센터,DS담당,Plant 3팀,430,3.7864315080007946,7.636288609374761,82.45632804022559,10.143509957053997,0.04202900765692103,92.85430453454785,8.306460240558756,0.0,0.8976744186046511,15.216511627906977,18.712078372636824,P3,4,0.944486985580052,1.0,very_minimal
오퍼레이션센터,DS담당,Plant 4A팀,434,0.5197072342606384,26.188760229984464,2.9781066320729033,84.89085347298963,0.01601563125610596,88.52079629718605,8.581175227021573,0.0,0.9101382488479263,14.386866359447003,20.42953923028876,P4,5,0.9145163649122465,0.999354909473674,very_minimal
오퍼레이션센터,DS담당,Plant 4B팀,208,0.7616523224807192,16.034617656921135,3.4378143612180048,87.04073323007648,0.006387021572165361,91.28011879860124,14.809906270458429,0.0,1.6490384615384615,15.054567307692306,23.777284557778593,P4,5,0.915649321348251,0.9996947964044753,very_minimal
오퍼레이션센터,DS담당,Plant 5팀,234,0.3057021115871723,1.9923751519658182,1.4706750233112613,2.2107338030995125,92.43416781747578,96.69983357529833,26.26323430473425,0.0,1.7222222222222223,18.103205128205126,4.103962324280301,P5,6,0.9351326676345266,1.0,very_minimal
오퍼레이션센터,DS담당,오퍼레이션기획팀,47,4.694154961486181,36.248300860897146,13.466243769823288,78.58631626642502,0.0,94.89805165382873,10.820117806977798,0.0,4.51063829787234,11.73936170212766,16.78296329859538,P4,5,0.779060291721698,0.9458120583443397,minimal
오퍼레이션센터,DS담당,오퍼레이션혁신팀,24,4.708777686628384,30.04101722723544,7.547169811320755,82.55947497949138,0.0,94.88105004101722,11.337161607875307,0.0,7.916666666666667,12.697916666666668,25.430680885972105,P4,5,0.6959825334974022,0.9291965066994805,minimal
오퍼레이션센터,MSAT담당,MSAT 1팀,90,13.16956261234272,31.76752546434991,54.95905731975235,34.37986818454164,0.0,96.6287197922908,37.235869782304775,0.0,2.7222222222222223,13.908333333333335,8.54004393848612,P3,4,0.8830148791691632,0.989904463750749,very_minimal
오퍼레이션센터,MSAT담당,MSAT 2팀,108,1.7571884984025559,18.448704295349664,5.232516861909834,41.14305999290025,46.208732694355696,95.2076677316294,22.09442669506567,0.0,3.138888888888889,13.041666666666666,13.532126375576855,P5,6,0.8474973375931842,0.9792492012779553,very_minimal
오퍼레이션센터,MSAT담당,MSAT PD팀,59,22.8927660930529,70.19996813256851,18.001115360101977,11.504142766093054,0.0,94.33954748247291,29.91953473550032,0.0,5.016949152542373,21.27457627118644,10.078075207138305,P2,2,0.8268497153536205,0.9730549146060862,very_minimal
오퍼레이션센터,MSAT담당,MSAT PMO T/F,12,3.4340222575516695,32.87758346581876,8.235294117647058,77.74244833068363,0.7313195548489666,92.43243243243244,4.419713831478537,0.0,14.0,13.104166666666666,27.631160572337045,P4,5,0.6318130630630631,0.92,standard
오퍼레이션센터,MSAT담당,MSAT Technical Excellence팀,29,7.843513280276153,25.007191485281428,47.48298015150063,37.836801227346825,1.5245948796624795,92.58797583660946,32.90823664780899,0.0,9.0,17.981034482758623,13.893949563716559,P3,4,0.7003519033464378,0.9300703806692876,minimal
오퍼레이션센터,MSAT담당,MSAT담당,1,3.4965034965034967,32.51748251748251,2.4475524475524475,80.06993006993007,0.0,95.45454545454545,2.797202797202797,0.0,56.0,14.3,38.111888111888106,P4,5,0.6678181818181819,0.9235636363636364,minimal
품질운영센터,-,Client Quality팀,14,4.3284094812779115,27.58502232909653,7.660597732737891,79.42287873582961,0.0,91.41188594984541,3.6757128134661627,0.0,10.857142857142858,10.39642857142857,35.65784953624184,P4,5,0.573576115227953,0.92,standard
품질운영센터,-,DI 개선 T/F,12,8.627325208466965,38.29377806286081,11.09685695958948,67.12636305323926,0.0,86.59397049390634,3.3033996151379084,0.0,15.333333333333334,12.991666666666665,27.325208466966007,P4,5,0.6062092153089587,0.92,standard
품질운영센터,-,Quality PMO그룹,3,1.633045148895293,32.18059558117195,4.226705091258405,69.54851104707012,0.0,80.97982708933718,2.2094140249759846,0.0,26.333333333333332,17.35,40.345821325648416,P4,5,0.6239193083573487,0.92,standard
품질운영센터,-,Regulatory Affairs그룹,9,9.082308420056764,41.57994323557237,8.798486281929991,76.72658467360453,0.14191106906338694,93.6140018921476,3.878902554399243,0.0,14.11111111111111,11.744444444444444,22.753074739829707,P4,5,0.6093448964574792,0.92,standard
품질운영센터,-,품질운영센터,2,13.793103448275861,35.221674876847295,8.374384236453201,79.06403940886699,0.0,99.50738916256158,1.7241379310344827,0.0,31.0,10.15,27.832512315270936,P4,5,0.6010295566502463,0.92,standard
품질운영센터,QA담당,Batch Disposition그룹,5,4.221635883905013,39.84168865435356,6.068601583113456,82.49780123131046,0.0,94.54705364995603,3.781882145998241,0.0,20.8,11.370000000000001,20.40457343887423,P4,5,0.6055882145998241,0.92,standard
품질운영센터,QA담당,Compliance QA팀,82,5.517334412518549,24.533477224695353,7.46436440487432,74.6436440487432,4.019964926480507,91.71725347362741,3.4443994783938128,0.0,3.8048780487804876,13.560365853658535,25.617159044921085,P4,5,0.8239299895042658,0.9721789968512797,very_minimal
품질운영센터,QA담당,Operation QA팀,113,6.942815458992476,31.315616328632316,7.543553508596275,65.80942300540664,9.591784192007323,92.33915953886202,7.062963068913236,0.0,4.415929203539823,15.46769911504425,19.890150756643877,P4,5,0.8368787620492534,0.976063628614776,very_minimal
품질운영센터,QA담당,Technical QA팀,68,6.490590954110267,30.940904588973257,15.562892043578739,75.78078573786729,0.6800924397490921,93.31792670848465,6.00198085176626,0.0,4.411764705882353,11.136029411764707,26.358534169692966,P4,5,0.763639353892762,0.9427278707785525,minimal
품질운영센터,QC담당,ASAT팀,74,5.534438828787436,22.9439037634184,8.930286955432104,82.60724280522952,0.04176934965122593,95.15057850549266,4.210350444843574,0.0,3.7162162162162162,16.17635135135135,14.769642036673488,P4,5,0.8691158275354841,0.9857347482606452,very_minimal
품질운영센터,QC담당,QC Operations팀,235,2.743879958708155,15.499188910190236,21.636742368382244,73.3179103377083,0.010138622622032148,95.68186845597995,6.450007373543726,0.0,1.7063829787234042,23.084255319148937,9.29803863736912,P4,6,0.9315359844622177,1.0,very_minimal
품질운영센터,QC담당,QC Performance관리그룹,7,3.156768325307651,30.390583199571964,8.239700374531834,80.3103263777421,0.0,92.88389513108615,4.601391118245051,0.0,20.857142857142858,13.35,25.68218298555377,P4,5,0.6385355805243447,0.92,standard
품질운영센터,QC담당,QC Support팀,174,4.624757684851842,20.988157101666477,40.92886115952889,45.113786306546984,2.795380129343346,92.79326241712414,18.024989004186555,0.0,3.293103448275862,17.63994252873563,13.245475426393211,P4,4,0.8723799462202207,0.9867139838660662,very_minimal
품질운영센터,QC담당,QC담당,1,0.6493506493506493,15.584415584415584,0.0,94.15584415584416,0.0,100.0,1.948051948051948,0.0,38.0,7.7,36.36363636363637,P4,5,0.554,0.92,standard
