center,bu,team,employee_count,location_fixity,movement_complexity,data_density,external_activity,cluster,reliability_score,correction_factor,correction_type
"CDO개발센터",-,"ADC개발팀",24,6.9732641660016,9.375,20.8833333333333,13.2282521947326,1,0.346643056664006,0.88,very_extended
"CDO개발센터",-,"CDO개발센터",3,17.6271186440678,31.6666666666667,14.75,10.7344632768362,0,0.365508474576271,0.893101694915254,extended
"CDO개발센터",-,"CDO지원그룹",10,20.0815116709893,13.6,13.495,14.6350500185254,1,0.350226046683957,0.890045209336791,extended
"CDO개발센터",-,"CMC Support팀",61,16.1007292616226,4.24590163934426,14.3868852459016,13.6907474931632,1,0.524763572784195,0.92,standard
"CDO개발센터",-,"항체배양PD팀",40,15.5924101969873,6.1,17.26,14.6581691772885,1,0.479369640787949,0.91587392815759,extended
"CDO개발센터",-,"항체정제PD팀",40,14.8680663344498,5.175,15.30125,13.3567518993546,1,0.504222265337799,0.92,standard
"EPCV센터",-,"EPCV센터",3,79.3203883495146,36.6666666666667,17.1666666666667,33.8834951456311,4,0.617281553398058,0.92,standard
"EPCV센터",-,"EPM팀",60,88.120460748485,9.11666666666667,18.0141666666667,18.3050377018088,2,0.67898184299394,0.925796368598788,minimal
"EPCV센터",-,"안전환경팀",63,65.316602176979,16.4444444444444,21.9468253968254,18.797237189455,2,0.561266408707916,0.92,standard
"EPCV센터","E&F담당","Corporate Engineering팀",37,81.5452930728242,6.67567567567568,15.2162162162162,36.4476021314387,4,0.725910902021026,0.935182180404205,minimal
"EPCV센터","E&F담당","E&F담당",3,88.849765258216,30.0,14.2,19.0140845070423,4,0.639399061032864,0.92,standard
"EPCV센터","E&F담당","Facility Operation팀",211,80.1188773686092,5.96682464454976,26.5118483412322,19.2599213442975,2,0.741470770137944,0.938294154027589,minimal
"EPCV센터","E&F담당","Facility Technology팀",101,74.2502629714703,7.66336633663366,23.0608910891089,25.9064465577571,2,0.667100061786871,0.923420012357374,minimal
"People센터",-,"HR Strategy그룹",5,12.8407026044821,19.6,16.51,22.0472440944882,1,0.351362810417928,0.890272562083586,extended
"People센터",-,"Learning·Development팀",12,21.7383071387995,16.0,22.0041666666667,9.60045445938269,1,0.386953228555198,0.89739064571104,extended
"People센터",-,"People센터",5,63.1444614599285,21.0,19.59,7.35068912710567,1,0.552577845839714,0.92,standard
"People센터",-,"Talent Acquisition팀",16,18.0881511161992,12.9375,21.8375,14.4533485975959,1,0.372352604464797,0.894470520892959,extended
"People센터",-,"정보보호팀",8,36.0082304526749,42.625,15.1875,12.2222222222222,0,0.4440329218107,0.90880658436214,extended
"People센터","인사지원담당","People Experience팀",13,19.8313985627418,19.6153846153846,27.8307692307692,10.5444997236042,1,0.379325594250967,0.895865118850193,extended
"People센터","인사지원담당","Talent Management팀",19,18.7376725838264,8.26315789473684,16.0105263157895,14.8093359631821,1,0.4270559534932,0.90541119069864,extended
"People센터","인사지원담당","인사지원담당",1,8.52459016393443,52.0,15.25,1.63934426229508,0,0.334098360655738,0.88,very_extended
"People센터","인사지원담당","인프라복지팀",18,30.5183659457604,12.7222222222222,24.275,8.68520425677995,1,0.422073463783042,0.904414692756608,extended
"경영지원센터",-,"IR팀",6,17.8670360110803,14.3333333333333,12.0333333333333,19.3213296398892,1,0.312134810710988,0.88,very_extended
"경영지원센터",-,"경영지원센터",1,0.257731958762887,17.0,19.4,0.0,1,0.301030927835052,0.88,very_extended
"경영지원센터",-,"사업전략팀",34,18.0396537280089,5.88235294117647,15.7985294117647,13.8508796425579,1,0.495688026676742,0.919137605335348,extended
"경영지원센터",-,"재경팀",46,17.4227799227799,4.30434782608696,15.7652173913043,15.4371207942637,1,0.540560684908511,0.92,standard
"경영지원센터",-,"준법경영팀",16,21.2751449028299,11.6875,18.33125,10.8080463689056,1,0.385100579611319,0.897020115922264,extended
"경영지원센터",-,"지속가능경영팀",18,21.0568973901767,8.94444444444444,17.1361111111111,14.8322256443508,1,0.415894256227373,0.903178851245475,extended
"경영지원센터","Operational Excellence담당","CSV그룹",10,28.8679245283019,12.9,15.9,9.33962264150943,1,0.415471698113208,0.903094339622642,extended
"경영지원센터","Operational Excellence담당","IT팀",50,32.4611352133044,5.32,22.128,14.2127621113521,1,0.570244540853218,0.92,standard
"경영지원센터","Operational Excellence담당","MES팀",91,60.3050903664401,5.98901098901099,19.8824175824176,12.0295141767534,2,0.661550031795431,0.922310006359086,minimal
"경영지원센터","Operational Excellence담당","OES혁신그룹",11,29.6166432912576,14.4545454545455,19.4454545454545,10.2384291725105,1,0.41846657316503,0.903693314633006,extended
"경영지원센터","Operational Excellence담당","Operational Excellence담당",1,11.2745098039216,50.0,20.4,0.490196078431373,0,0.345098039215686,0.88,very_extended
"경영진단팀",-,"경영진단팀",15,18.4329482672024,10.6,19.91,12.9917964172108,1,0.37373179306881,0.894746358613762,extended
"대표이사",-,"대표이사",1,37.0967741935484,48.0,6.2,5.64516129032258,0,0.272387096774194,0.88,very_extended
"바이오연구소",-,"AI Lab",9,27.9749478079332,15.7777777777778,13.3055555555556,10.0208768267223,1,0.378010902342844,0.895602180468569,extended
"바이오연구소",-,"Bio R&D지원그룹",6,19.979042961928,27.5,23.8583333333333,10.1292350681104,1,0.379916171847712,0.895983234369543,extended
"바이오연구소",-,"GT기술Lab",11,19.115004492363,12.6363636363636,20.2363636363636,6.91823899371069,1,0.376460017969452,0.89529200359389,extended
"바이오연구소",-,"Open Innovation그룹",7,22.4837662337662,15.7142857142857,17.6,4.30194805194805,1,0.389935064935065,0.897987012987013,extended
"바이오연구소",-,"바이오연구소",1,100.0,12.0,1.85,32.4324324324324,4,0.437,0.9074,extended
"바이오연구소",-,"선행공정개발Lab",27,46.2410454223412,8.96296296296296,23.5240740740741,10.9737857199087,1,0.516075292800476,0.92,standard
"바이오연구소",-,"펩타이드 T/F",3,16.1943319838057,21.6666666666667,16.4666666666667,19.2307692307692,1,0.364777327935223,0.892955465587045,extended
"바이오연구소",-,"항체기술Lab",49,19.6671784458422,5.04081632653061,20.6030612244898,7.35971472438215,1,0.52744422398745,0.92,standard
"상생협력센터",-,"구매팀",240,75.0324913827202,2.99583333333333,22.12125,10.7475843363282,2,0.810254965530881,0.968076489659264,very_minimal
"상생협력센터",-,"대외협력팀",4,87.7296587926509,29.0,19.05,11.0892388451444,2,0.650918635170604,0.920183727034121,minimal
"상생협력센터",-,"상생협력센터",1,76.5,52.0,10.0,2.0,0,0.506,0.92,standard
"상생협력센터",-,"커뮤니케이션팀",12,85.995085995086,12.6666666666667,11.8708333333333,18.7083187083187,2,0.581397010647011,0.92,standard
"영업센터",-,"영업센터",2,16.0,35.5,18.75,11.8666666666667,0,0.364,0.8928,extended
"영업센터","NJ Sales Office","CDO Sales팀",1,6.15384615384615,20.0,3.25,3.07692307692308,3,0.0896153846153846,0.88,very_extended
"영업센터","NJ Sales Office","CMO Sales팀",1,0.0,3.0,3.9,0.0,3,0.288,0.88,very_extended
"영업센터","NJ Sales Office","SBA Support그룹",1,0.0,4.0,5.5,0.0,3,0.29,0.88,very_extended
"영업센터","Sales&Operation담당","CDO SE팀",11,28.1903607153683,15.0909090909091,14.9954545454545,14.2164292209761,1,0.412670533770564,0.902534106754113,extended
"영업센터","Sales&Operation담당","CMO SE팀",16,19.4794952681388,10.4375,15.85,15.1616719242902,1,0.377917981072555,0.895583596214511,extended
"영업센터","Sales&Operation담당","Market Intelligence팀",10,21.4604236343367,12.5,17.94,17.1125975473802,1,0.385841694537347,0.897168338907469,extended
"영업센터","Sales&Operation담당","Sales&Operation담당",1,8.60215053763441,29.0,4.65,0.0,3,0.127408602150538,0.88,very_extended
"영업센터","Sales&Operation담당","Sales&Operation팀",18,20.0235571260306,8.94444444444444,16.5083333333333,12.93959279825,1,0.411760895170789,0.902352179034158,extended
"영업센터","영업지원담당","Global PA팀",3,21.356783919598,27.0,13.2666666666667,19.2211055276382,1,0.350760469011725,0.890152093802345,extended
"영업센터","영업지원담당","PM팀",68,21.3371396997882,3.61764705882353,15.9691176470588,13.9883967216134,1,0.576819147034447,0.92,standard
"영업센터","영업지원담당","마케팅팀",24,19.3508795854357,7.125,15.2770833333333,13.63698349925,1,0.463653518341743,0.912730703668349,extended
"영업센터","영업지원담당","영업지원담당",1,7.74647887323944,19.0,7.1,5.63380281690141,3,0.172985915492958,0.88,very_extended
"오퍼레이션센터",-,"Validation팀",45,92.2918970146896,6.26666666666667,14.0688888888889,15.1792765755805,2,0.762545365836536,0.942509073167307,minimal
"오퍼레이션센터",-,"오퍼레이션센터",4,79.9274486094317,30.0,10.3375,23.0955259975816,4,0.526459794437727,0.92,standard
"오퍼레이션센터","DP담당","DP Compliance팀",26,17.956382154323,6.96153846153846,17.3711538461538,11.2476475146684,1,0.462979374771138,0.912595874954228,extended
"오퍼레이션센터","DP담당","DP담당",1,18.2758620689655,46.0,14.5,7.93103448275862,0,0.363103448275862,0.892620689655172,extended
"오퍼레이션센터","DP담당","무균충전팀",165,9.62939315668805,2.13333333333333,20.8830303030303,34.5909394317555,1,0.574517572626752,0.92,standard
"오퍼레이션센터","DP담당","이물검사·패키징팀",166,12.726643465554,1.69879518072289,15.6653614457831,21.5904939529697,1,0.599942718440529,0.92,standard
"오퍼레이션센터","DS담당","ADC/mRNA운영팀",16,77.0046844860843,12.9375,22.68125,14.9627996693304,2,0.608018737944337,0.92,standard
"오퍼레이션센터","DS담당","DS Compliance그룹",29,89.3410264196781,6.41379310344828,11.3551724137931,23.7017916793198,2,0.692053760851126,0.928410752170225,minimal
"오퍼레이션센터","DS담당","DS System Readiness그룹",23,82.8825910931174,11.0,13.4239130434783,19.5951417004049,2,0.600008625242035,0.92,standard
"오퍼레이션센터","DS담당","DS담당",1,82.1705426356589,45.0,12.9,28.6821705426357,4,0.586682170542636,0.92,standard
"오퍼레이션센터","DS담당","Plant 1팀",177,7.6304962715351,1.59322033898305,17.5774011299435,13.6153252764207,1,0.582725374916649,0.92,standard
"오퍼레이션센터","DS담당","Plant 2팀",400,12.7126072756578,1.145,17.68225,13.7390603571378,1,0.616500429102631,0.92,standard
"오퍼레이션센터","DS담당","Plant 3팀",430,91.6056609252495,0.897674418604651,15.216511627907,18.7120783726368,2,0.939492411142858,1.0,very_minimal
"오퍼레이션센터","DS담당","Plant 4A팀",434,87.7592530309582,0.910138248847926,14.386866359447,20.4295392302888,2,0.911470191847335,0.998441057554201,very_minimal
"오퍼레이션센터","DS담당","Plant 4B팀",208,89.996327462596,1.64903846153846,15.0545673076923,23.7772845577786,2,0.91051415600423,0.998154246801269,very_minimal
"오퍼레이션센터","DS담당","Plant 5팀",234,96.1108553757539,1.72222222222222,18.1032051282051,4.1039623242803,2,0.932776754836349,1.0,very_minimal
"오퍼레이션센터","DS담당","오퍼레이션기획팀",47,89.614861803353,4.51063829787234,11.7393617021277,16.7829632985954,2,0.757927532319795,0.941585506463959,minimal
"오퍼레이션센터","DS담당","오퍼레이션혁신팀",24,89.4503691550451,7.91666666666667,12.6979166666667,25.4306808859721,2,0.674259809953514,0.924851961990703,minimal
"오퍼레이션센터","MSAT담당","MSAT 1팀",90,89.2670261633713,2.72222222222222,13.9083333333333,8.54004393848612,2,0.853568104653485,0.981070431396046,very_minimal
"오퍼레이션센터","MSAT담당","MSAT 2팀",108,92.4636137735179,3.13888888888889,13.0416666666667,13.5321263755769,2,0.836521121760738,0.975956336528222,very_minimal
"오퍼레이션센터","MSAT담당","MSAT PD팀",59,29.4813575525813,5.01694915254237,21.2745762711864,10.0780752071383,1,0.567416955634054,0.92,standard
"오퍼레이션센터","MSAT담당","MSAT PMO T/F",12,86.7090620031797,14.0,13.1041666666667,27.631160572337,4,0.608919581346052,0.92,standard
"오퍼레이션센터","MSAT담당","MSAT Technical Excellence팀",29,86.8443762585099,9.0,17.9810344827586,13.8939495637166,2,0.67737750503404,0.925475501006808,minimal
"오퍼레이션센터","MSAT담당","MSAT담당",1,82.5174825174825,56.0,14.3,38.1118881118881,4,0.61606993006993,0.92,standard
"품질운영센터",-,"Client Quality팀",14,86.946066643765,10.8571428571429,10.3964285714286,35.6578495362418,4,0.555712838003632,0.92,standard
"품질운영센터",-,"DI 개선 T/F",12,78.2232200128287,15.3333333333333,12.9916666666667,27.325208466966,4,0.572726213384648,0.92,standard
"품질운영센터",-,"Quality PMO그룹",3,73.7752161383285,26.3333333333333,17.35,40.3458213256484,4,0.595100864553314,0.92,standard
"품질운영센터",-,"Regulatory Affairs그룹",9,85.6669820245979,14.1111111111111,11.7444444444444,22.7530747398297,4,0.577556816987281,0.92,standard
"품질운영센터",-,"품질운영센터",2,87.4384236453202,31.0,10.15,27.8325123152709,4,0.552753694581281,0.92,standard
"품질운영센터","QA담당","Batch Disposition그룹",5,88.5664028144239,20.8,11.37,20.4045734388742,4,0.581665611257696,0.92,standard
"품질운영센터","QA담당","Compliance QA팀",82,85.7187823193489,3.80487804878049,13.5603658536585,25.6171590449211,2,0.799936104887152,0.94998722097743,minimal
"품질운영센터","QA담당","Operation QA팀",113,82.5099407843923,4.41592920353982,15.4676991150442,19.8901507566439,2,0.797561887031374,0.949512377406275,minimal
"품질운영센터","QA담당","Technical QA팀",68,89.0855067679102,4.41176470588235,11.1360294117647,26.358534169693,2,0.746709674130464,0.939341934826093,minimal
"품질운영센터","QC담당","ASAT팀",74,91.0864207844284,3.71621621621622,16.1763513513514,14.7696420366735,2,0.852859196651227,0.980857758995368,very_minimal
"품질운영센터","QC담당","QC Operations팀",235,93.7739640171066,1.7063829787234,23.0842553191489,9.29803863736912,2,0.923904366706724,1.0,very_minimal
"품질운영센터","QC담당","QC Performance관리그룹",7,88.550026752274,20.8571428571429,13.35,25.6821829855538,4,0.621200107009096,0.92,standard
"품질운영센터","QC담당","QC Support팀",174,88.7728672194439,3.29310344827586,17.6399425287356,13.2454754263932,2,0.856298365429499,0.98188950962885,very_minimal
"품질운영센터","QC담당","QC담당",1,94.1558441558442,38.0,7.7,36.3636363636364,4,0.530623376623377,0.92,standard
